filename,category,source_url,photographer,license,downloaded_at
fox/0001.jpg,fox,https://unsplash.com/photos/a-close-up-of-a-fox-in-the-snow-L6_MQVHz3Eg,Jeremy Hynes,"Unsplash License (free use, attribution appreciated)",2026-08-13T02:15:07+00:00
fox/0002.jpg,fox,https://unsplash.com/photos/brown-fox-on-green-grass-during-daytime-BNR4sS2LA10,Charles Jackson,"Unsplash License (free use, attribution appreciated)",2026-08-13T02:15:12+00:00
fox/0003.jpg,fox,https://unsplash.com/photos/red-fox-illustration-lRwGMe1MFj4,Jeremy Vessey,"Unsplash License (free use, attribution appreciated)",2026-08-13T02:15:15+00:00
fox/0004.jpg,fox,https://unsplash.com/photos/brown-and-white-fox-in-white-background-fOV7nWWIwRk,Birger Strahl,"Unsplash License (free use, attribution appreciated)",2026-08-13T02:15:17+00:00
fox/0005.jpg,fox,https://unsplash.com/photos/a-couple-of-foxes-standing-next-to-each-other-_RnbxS6vUb8,Jeremy Hynes,"Unsplash License (free use, attribution appreciated)",2026-08-13T02:15:20+00:00
fox/0006.jpg,fox,https://unsplash.com/photos/a-close-up-of-a-fox-in-the-snow-gfqkrJb7Vro,Jeremy Hynes,"Unsplash License (free use, attribution appreciated)",2026-08-13T02:15:22+00:00
fox/0007.jpg,fox,https://unsplash.com/photos/a-red-fox-sitting-on-top-of-a-wooden-floor-bWznLKNMcn0,Daniel Gomez,"Unsplash License (free use, attribution appreciated)",2026-08-13T02:15:25+00:00
fox/0008.jpg,fox,https://unsplash.com/photos/selective-focus-photography-of-orange-fox-during-daytime-BTzQWyRK474,Yuriy Chemerys,"Unsplash License (free use, attribution appreciated)",2026-08-13T02:15:28+00:00
fox/0009.jpg,fox,https://unsplash.com/photos/fox-on-green-grass-field-during-daytime-7LzKELgdzzI,Scott Walsh,"Unsplash License (free use, attribution appreciated)",2026-08-13T02:15:30+00:00
fox/0010.jpg,fox,https://unsplash.com/photos/a-red-fox-poses-staring-directly-into-the-camera-Powgsxla7Es,Cody Boileau,"Unsplash License (free use, attribution appreciated)",2026-08-13T02:15:32+00:00
fox/0011.jpg,fox,https://unsplash.com/photos/brown-fox-on-green-grass-during-daytime-iBsdEB_kMnA,Charles Jackson,"Unsplash License (free use, attribution appreciated)",2026-08-13T02:15:34+00:00
fox/0012.jpg,fox,https://unsplash.com/photos/a-close-up-of-a-red-foxs-face-DUXOafpG6To,Frida Lannerström,"Unsplash License (free use, attribution appreciated)",2026-08-13T02:15:37+00:00
fox/0013.jpg,fox,https://unsplash.com/photos/a-red-fox-sitting-on-a-wooden-deck-nFLIYjYf2dM,Daniel Gomez,"Unsplash License (free use, attribution appreciated)",2026-08-13T02:15:40+00:00
wolf/0001.jpg,wolf,https://unsplash.com/photos/black-and-brown-wolf-painting-tauPAnOIGvE,Marc-Olivier Jodoin,"Unsplash License (free use, attribution appreciated)",2026-08-13T02:15:45+00:00
wolf/0002.jpg,wolf,https://unsplash.com/photos/brown-and-black-wolf-in-close-up-photography-i6yrDhfZ-XQ,Chris Ensminger,"Unsplash License (free use, attribution appreciated)",2026-08-13T02:15:47+00:00
wolf/0003.jpg,wolf,https://unsplash.com/photos/brown-and-white-wolf-iUA1cea8QiY,Andrew Ly,"Unsplash License (free use, attribution appreciated)",2026-08-13T02:15:49+00:00
wolf/0004.jpg,wolf,https://unsplash.com/photos/white-and-black-wolf-in-tilt-shift-lens-1AIYdIb3O5M,Milo Weiler,"Unsplash License (free use, attribution appreciated)",2026-08-13T02:15:52+00:00
wolf/0005.jpg,wolf,https://unsplash.com/photos/a-wolf-looking-at-the-camera-mk2chAKaZR4,Reyk Odinson,"Unsplash License (free use, attribution appreciated)",2026-08-13T02:15:54+00:00
wolf/0006.jpg,wolf,https://unsplash.com/photos/focus-photography-of-standing-wolf-near-tree-mblYxasm0nk,Josh Felise,"Unsplash License (free use, attribution appreciated)",2026-08-13T02:15:57+00:00
wolf/0007.jpg,wolf,https://unsplash.com/photos/gray-and-tan-wolf-in-profile-WFPWB7Vum1E,M. Zonderling,"Unsplash License (free use, attribution appreciated)",2026-08-13T02:16:00+00:00
wolf/0008.jpg,wolf,https://unsplash.com/photos/selective-focus-photography-of-gray-wolf-kR1Aer8c_WI,Michael LaRosa,"Unsplash License (free use, attribution appreciated)",2026-08-13T02:16:02+00:00
wolf/0009.jpg,wolf,https://unsplash.com/photos/a-lone-wolf-walking-through-a-forest-at-night-xkgyg8jYmvw,Julien Riedel,"Unsplash License (free use, attribution appreciated)",2026-08-13T02:16:04+00:00
wolf/0010.jpg,wolf,https://unsplash.com/photos/gray-wolf-on-brown-grass-H0GRu4Dq2Bc,Vincent van Zalinge,"Unsplash License (free use, attribution appreciated)",2026-08-13T02:16:06+00:00
wolf/0011.jpg,wolf,https://unsplash.com/photos/a-lone-wolf-standing-in-the-middle-of-a-forest-FFAPycbKC7A,Anthony Sebbo,"Unsplash License (free use, attribution appreciated)",2026-08-13T02:16:09+00:00
wolf/0012.jpg,wolf,https://unsplash.com/photos/a-wolf-laying-in-the-snow-looking-at-the-camera-U1anxIt5d1k,anndre br,"Unsplash License (free use, attribution appreciated)",2026-08-13T02:16:11+00:00
wolf/0013.jpg,wolf,https://unsplash.com/photos/white-wolf-between-trees-8y--BAFlC9c,Hans Veth,"Unsplash License (free use, attribution appreciated)",2026-08-13T02:16:14+00:00
dog/0001.jpg,dog,https://unsplash.com/photos/dog-staring-left-XH8A0bvQ7iE,Pauline Loroy,"Unsplash License (free use, attribution appreciated)",2026-08-13T02:16:19+00:00
dog/0002.jpg,dog,https://unsplash.com/photos/a-black-and-brown-dog-sitting-on-top-of-a-table-pw2eI1iVNgk,Jane Thomson,"Unsplash License (free use, attribution appreciated)",2026-08-13T02:16:21+00:00
dog/0003.jpg,dog,https://unsplash.com/photos/black-and-tan-belgian-dog-Jr_DkO3Ow14,Max Kleinen,"Unsplash License (free use, attribution appreciated)",2026-08-13T02:16:24+00:00
dog/0004.jpg,dog,https://unsplash.com/photos/a-close-up-of-a-dog-with-its-tongue-out-BtwFA_v1xg4,Michael G,"Unsplash License (free use, attribution appreciated)",2026-08-13T02:16:28+00:00
dog/0005.jpg,dog,https://unsplash.com/photos/a-close-up-of-a-dog-with-a-blue-background-SOu5nJHwM2o,Michael G,"Unsplash License (free use, attribution appreciated)",2026-08-13T02:16:30+00:00
dog/0006.jpg,dog,https://unsplash.com/photos/adult-long-coated-yellow-dog-35p5-Z3Zyzo,Arve Kern,"Unsplash License (free use, attribution appreciated)",2026-08-13T02:16:33+00:00
dog/0007.jpg,dog,https://unsplash.com/photos/white-brown-and-black-rough-collie-eQUiSv4CR4o,AcidFern,"Unsplash License (free use, attribution appreciated)",2026-08-13T02:16:35+00:00
dog/0008.jpg,dog,https://unsplash.com/photos/short-coated-brown-and-white-adult-dog-hchKfNuAblU,Alex Lacayo,"Unsplash License (free use, attribution appreciated)",2026-08-13T02:16:38+00:00
dog/0009.jpg,dog,https://unsplash.com/photos/a-black-and-white-dog-nO-LKYOpMWE,Random Thinking,"Unsplash License (free use, attribution appreciated)",2026-08-13T02:16:40+00:00
dog/0010.jpg,dog,https://unsplash.com/photos/a-brown-dog-with-a-green-collar-a05uU0sHOtE,Gideon Karanja,"Unsplash License (free use, attribution appreciated)",2026-08-13T02:16:43+00:00
dog/0011.jpg,dog,https://unsplash.com/photos/brown-and-black-long-haired-dog-pwRfs5IT6Go,Julio Bernal,"Unsplash License (free use, attribution appreciated)",2026-08-13T02:16:45+00:00
dog/0012.jpg,dog,https://unsplash.com/photos/white-and-brown-short-coated-dog-xwNs2OIdPFc,Simon Lohmann,"Unsplash License (free use, attribution appreciated)",2026-08-13T02:16:48+00:00
dog/0013.jpg,dog,https://unsplash.com/photos/a-black-and-brown-dog-sitting-on-top-of-a-table-fljcJK9IqE0,Jane Thomson,"Unsplash License (free use, attribution appreciated)",2026-08-13T02:16:51+00:00
other/0001.jpg,other,https://unsplash.com/photos/a-cat-sitting-on-top-of-a-rock-near-the-ocean--6UKGM0HYGs,Deniz Uzuner,"Unsplash License (free use, attribution appreciated)",2026-08-13T02:16:56+00:00
other/0002.jpg,other,https://unsplash.com/photos/a-cat-sitting-in-the-grass-next-to-a-tree-YABcxvK2WEc,Amin Zabardast,"Unsplash License (free use, attribution appreciated)",2026-08-13T02:16:58+00:00
other/0003.jpg,other,https://unsplash.com/photos/a-black-cat-intently-watches-a-small-bird-statue-t-V-2ah1AEw,Tatyana Rubleva,"Unsplash License (free use, attribution appreciated)",2026-08-13T02:17:01+00:00
other/0004.jpg,other,https://unsplash.com/photos/black-bombay-cat-on-green-field-near-black-and-white-small-beaked-bird-kO7ZpGOwDa8,Ute Schröck,"Unsplash License (free use, attribution appreciated)",2026-08-13T02:17:04+00:00
other/0005.jpg,other,https://unsplash.com/photos/a-cat-with-a-bird-on-its-back-1AyFNfFkrNA,Gregory Atkats,"Unsplash License (free use, attribution appreciated)",2026-08-13T02:17:06+00:00
